Number,User,Date Submitted,Country,Device,Browser,OS,"Prosím, pomôžte nám zlepšiť naše služby. Ako náročné bolo pre vás nakupovať cez Orange Eshop na škále 1-5?","Prosím, opíšte prečo. Je to pre nás veľmi dôležité."
1,00000000,2020-02-11 12:21:27,Slovakia,phone,Mobile Safari 13.0.5,iOS 13.3.1,1,Strucne jasne vystizne
2,00000000,2020-02-11 12:42:19,Slovakia,phone,Chrome Mobile 79.0.3945,Android 8.0.0,5,Katastrofa 
3,00000000,2020-02-11 12:45:47,Slovakia,desktop,Chrome 76.0.3809,Windows 10,1,
4,00000000,2020-02-11 13:14:05,Slovakia,phone,Facebook 256.0.0,Android 7.0,5,
5,00000000,2020-02-11 14:08:28,Slovakia,desktop,Chrome 79.0.3945,Windows 7,1,
6,00000000,2020-02-11 14:54:20,Slovakia,phone,Facebook 256.0.0,Android 6.0,5,Labo je to velmi richly a spolahlivi dakujem
7,00000000,2020-02-11 14:56:09,Slovakia,tablet,Chrome 80.0.3987,Android 7.0,3,
8,00000000,2020-02-11 15:11:04,Slovakia,desktop,Chrome 80.0.3987,Windows 8.1,1,
9,00000000,2020-02-11 15:44:18,Slovakia,phone,Chrome Mobile 80.0.3987,Android 8.0.0,1,
10,00000000,2020-02-11 16:45:32,Slovakia,desktop,Chrome 79.0.3945,Windows 8.1,2,
11,00000000,2020-02-11 17:02:42,Slovakia,desktop,Chrome 79.0.3945,Windows 10,1,"prehľadné, dobrá orientácia na stránke"
12,00000000,2020-02-11 17:44:50,Slovakia,phone,Chrome Mobile 80.0.3987,Android,5,
13,00000000,2020-02-11 18:39:00,Slovakia,phone,Chrome Mobile 79.0.3945,Android,5,Super
14,00000000,2020-02-11 19:13:50,Slovakia,desktop,Chrome 80.0.3987,Windows 8.1,1,
15,00000000,2020-02-11 20:00:48,Slovakia,desktop,Chrome 79.0.3945,Windows 10,5,
16,00000000,2020-02-11 20:18:09,Slovakia,desktop,Chrome 79.0.3945,Windows 8.1,1,jednoduche :)
17,00000000,2020-02-11 20:43:17,Slovakia,phone,Chrome Mobile 80.0.3987,Android 7.0,3,Nie vsetky ikonky spolupracivali
18,00000000,2020-02-11 20:58:51,Slovakia,phone,Chrome Mobile 80.0.3987,Android 6.0,1,Nemusim vystavat v rade
19,00000000,2020-02-11 21:02:42,Slovakia,desktop,Chrome 79.0.3945,Windows 10,5,
20,00000000,2020-02-11 21:52:25,Slovakia,phone,Chrome Mobile 79.0.3945,Android,3,
21,00000000,2020-02-11 22:43:10,Slovakia,phone,Chrome Mobile 80.0.3987,Android 5.1.1,5,Je to ok 
22,00000000,2020-02-11 22:51:52,Slovakia,desktop,Firefox 72.0,Windows 8.1,1,
23,00000000,2020-02-12 06:16:07,Slovakia,tablet,Chrome 80.0.3987,Android 6.0.1,5,Nejde mi to
24,00000000,2020-02-12 08:05:50,Slovakia,desktop,Chrome 79.0.3945,Windows 10,5,
25,00000000,2020-02-12 11:58:36,Slovakia,desktop,Firefox 72.0,Windows 7,1,"Prehľadný formulár 
"
26,00000000,2020-02-12 12:00:37,Slovakia,desktop,Firefox 72.0,Windows 10,1,priamociary postup v objednavacom procese
27,00000000,2020-02-12 12:23:15,Slovakia,desktop,Edge 18.18362,Windows 10,1,je to pohodlné
28,00000000,2020-02-12 12:35:06,Slovakia,phone,Chrome Mobile 74.0.3729,Android 8.0.0,2,Zmenil som adresu trvaleho bydliska.. V objednavke sa nedala prepisat.. 
29,00000000,2020-02-12 12:59:00,Slovakia,desktop,Chrome 80.0.3987,Windows 10,1,
30,00000000,2020-02-12 13:18:22,Slovakia,desktop,Chrome 79.0.3945,Windows 10,1,"Super easy, chvalim."
31,00000000,2020-02-12 13:52:38,Slovakia,desktop,Firefox 68.0,Windows 10,1,"intuitívne navádzanie, ďakujem"
32,00000000,2020-02-12 13:55:06,Slovakia,phone,Chrome Mobile 80.0.3987,Android 8.1.0,2,Objednávku som urobila na druhýkrát.Najprv má systém akosi vyhodil.
33,00000000,2020-02-12 15:16:03,Slovakia,desktop,Chrome 79.0.3945,Windows 10,3,mohlo by to byť troška prehľadnejšie 
34,00000000,2020-02-12 16:09:09,Slovakia,tablet,Chrome 69.0.3497,Android 8.0.0,2,
35,00000000,2020-02-12 16:18:54,Slovakia,phone,Chrome Mobile 80.0.3987,Android,1,
36,00000000,2020-02-12 16:56:36,Slovakia,phone,Chrome Mobile 80.0.3987,Android,1,
37,00000000,2020-02-12 16:58:52,Slovakia,phone,Samsung Internet 10.2,Android,1,Super spravena stranka
38,00000000,2020-02-12 17:04:05,Slovakia,desktop,Chrome 79.0.3945,Windows 10,5,"dobra ponuka
katastrofalny web "
39,00000000,2020-02-12 19:06:17,Slovakia,phone,Chrome Mobile 80.0.3987,Android,1,Bolo to richle takza ok
40,00000000,2020-02-12 20:14:07,Austria,phone,Mobile Safari 13.0.4,iOS 13.3,1,Max jednoduche a prehlade
41,00000000,2020-02-12 20:32:38,Slovakia,desktop,Chrome 80.0.3987,Windows 10,2,
42,00000000,2020-02-12 20:56:01,Slovakia,phone,Chrome Mobile 79.0.3945,Android 6.0,1,
43,00000000,2020-02-12 21:01:18,Slovakia,desktop,Chrome 79.0.3945,Windows 10,1,
44,00000000,2020-02-12 22:02:18,Slovakia,desktop,Chrome 80.0.3987,Mac OS X 10.12.6,1,"Máte to veľmi fajn graficky spravené, človek sa nestratí a nebojí sa, že niečo prehliadne."
45,00000000,2020-02-12 23:40:05,Slovakia,desktop,Chrome 79.0.3945,Windows 8.1,1,nie je to narocne
46,00000000,2020-02-13 07:23:16,Slovakia,desktop,Chrome 80.0.3987,Windows 10,1,"jednoduché, prehľadné a rýchle"
47,00000000,2020-02-13 07:47:13,Germany,desktop,IE 11.0,Windows 10,2,"V kolónke na vyplnenie bydliska, ponúkal systém iba mestá po písmeno K. Keďže som z Nových Zámkov, trošku s tým bol problém."
48,00000000,2020-02-13 08:24:22,Slovakia,phone,Samsung Internet 10.2,Android,1,Lebo ma to vsetko postupne pekne ponavigovalo
49,00000000,2020-02-13 10:00:40,Slovakia,desktop,Chrome 79.0.3945,Windows 7,5,
50,00000000,2020-02-13 11:30:56,Slovakia,desktop,Chrome 43.0.2357,Windows 7,1,všetko je veľmi zrozumiteľné
51,00000000,2020-02-13 12:04:47,Slovakia,desktop,Chrome 49.0.2623,Windows XP,4,pružnosť objednávky
52,00000000,2020-02-13 12:07:10,Slovakia,phone,Facebook 256.0.0,Android 8.0.0,2,
53,00000000,2020-02-13 14:03:43,Slovakia,phone,Facebook 256.0.0,Android,1,Spokojnost
54,00000000,2020-02-13 14:24:05,Slovakia,phone,Chrome Mobile 79.0.3945,Android,1,Ste super 
55,00000000,2020-02-13 14:45:30,Slovakia,phone,Mobile Safari 12.1.2,iOS 12.4,1,
56,00000000,2020-02-13 15:07:24,Slovakia,desktop,Chrome 79.0.3945,Windows 10,1,jednoduchosť
57,00000000,2020-02-13 15:48:51,Slovakia,desktop,Chrome 80.0.3987,Windows 7,1,
58,00000000,2020-02-13 16:00:35,Slovakia,phone,Samsung Internet 11.0,Android,1,
59,00000000,2020-02-13 16:20:45,Slovakia,phone,Chrome Mobile 74.0.3729,Android,4,
60,00000000,2020-02-13 17:22:22,Slovakia,phone,Chrome Mobile 70.0.3538,Android 8.0.0,1,
61,00000000,2020-02-13 17:35:15,Slovakia,phone,Chrome Mobile 80.0.3987,Android,1,
62,00000000,2020-02-13 18:35:00,Slovakia,phone,Chrome Mobile 80.0.3987,Android 8.0.0,1,
63,00000000,2020-02-13 18:55:21,Slovakia,desktop,Firefox 72.0,Windows 10,1,
64,00000000,2020-02-13 19:04:03,Slovakia,phone,Chrome Mobile 80.0.3987,Android,1,Suprket
65,00000000,2020-02-13 19:51:12,Slovakia,phone,Chrome Mobile 80.0.3987,Android 7.0,1,Som spokojná nebolo to náročné . Ďakujem
66,00000000,2020-02-13 20:17:01,Slovakia,desktop,Chrome 80.0.3987,Windows 10,3,Filter ohľadom výberu zariadenia je dosť slabý a samozrejme dosť som váhal nad výberom paušálu.
67,00000000,2020-02-13 21:02:45,Slovakia,phone,Facebook 256.0.0,Android 6.0.1,1,"Zaberie to pár minút môjho času a sedím doma, nikam nemusím utekať. "
68,00000000,2020-02-13 21:33:43,Slovakia,phone,Samsung Internet 10.2,Android 8.1.0,5,
69,00000000,2020-02-13 21:42:32,Slovakia,phone,Mobile Safari 13.0.5,iOS 13.3.1,1,lebo to bolo napisane tak ze aj slepy by to v pohode chapal.
70,00000000,2020-02-13 22:31:01,Slovakia,phone,Chrome Mobile WebView 80.0.3987,Android 8.0.0,5,
71,00000000,2020-02-14 04:13:25,Slovakia,desktop,Chrome 80.0.3987,Windows 10,5,
72,00000000,2020-02-14 05:53:56,Slovakia,phone,Chrome Mobile 80.0.3987,Android 7.1.2,2,
73,00000000,2020-02-14 08:00:29,Slovakia,desktop,Firefox 52.0,Windows XP,1,
74,00000000,2020-02-14 08:28:08,Slovakia,desktop,Chrome 79.0.3945,Windows 10,3,
75,00000000,2020-02-14 09:01:51,Slovakia,phone,Mobile Safari 13.0.1,iOS 13.1.2,5,
76,00000000,2020-02-14 09:45:53,Slovakia,desktop,Chrome 79.0.3945,Windows 10,1,.
77,00000000,2020-02-14 10:14:21,Slovakia,desktop,Chrome 79.0.3945,Windows 10,2,
78,00000000,2020-02-14 11:26:39,Slovakia,desktop,Chrome 80.0.3987,Windows 10,1,
79,00000000,2020-02-14 11:44:52,Slovakia,phone,Chrome Mobile 74.0.3729,Android,1,Super to bolo a este ked mi prejde tak bude fantasticky dakujem.
80,00000000,2020-02-14 11:45:11,Slovakia,phone,Chrome Mobile 79.0.3945,Android 8.1.0,2,Neviem či mi chcalia
81,00000000,2020-02-14 12:14:52,Slovakia,phone,Samsung Internet 9.4,Android,2,
82,00000000,2020-02-14 13:06:50,Slovakia,phone,Chrome Mobile 80.0.3987,Android 7.0,1,Je to stručné a veľmi rýchlo to ide
83,00000000,2020-02-14 13:16:50,Slovakia,desktop,Chrome 79.0.3945,Windows 7,1,
84,00000000,2020-02-14 13:22:03,Slovakia,desktop,Chrome 79.0.3945,Windows 7,1,
85,00000000,2020-02-14 13:27:19,Slovakia,phone,Chrome Mobile 74.0.3729,Android 7.1.2,1,
86,00000000,2020-02-14 14:57:12,Slovakia,desktop,Firefox 73.0,Windows 7,1,
87,00000000,2020-02-14 15:16:39,Slovakia,desktop,Firefox 73.0,Windows 10,3,
88,00000000,2020-02-14 16:09:53,Slovakia,phone,Chrome Mobile 80.0.3987,Android 7.0,3,...
89,00000000,2020-02-14 17:02:23,Slovakia,desktop,Chrome 81.0.4044,Windows 10,1,
90,00000000,2020-02-14 17:32:25,Slovakia,phone,Chrome Mobile 68.0.3440,Android 4.3,5,
91,00000000,2020-02-14 17:42:35,Slovakia,desktop,Edge 17.17134,Windows 10,4,nejasne podmienky navzajom zadarmo
92,00000000,2020-02-14 20:20:11,Slovakia,phone,Chrome Mobile 80.0.3987,Android,5,Prosim balik dorucit od 18.2.po 15.p0
93,00000000,2020-02-14 21:57:59,Slovakia,desktop,Chrome 80.0.3987,Windows 7,1,zrozumiteľné
94,00000000,2020-02-14 23:25:20,Slovakia,phone,Chrome Mobile 80.0.3987,Android 8.1.0,5,
95,00000000,2020-02-15 07:55:17,Slovakia,phone,Chrome Mobile 79.0.3945,Android,1,
96,00000000,2020-02-15 08:04:37,Slovakia,desktop,Chrome 79.0.3945,Windows 8.1,1,je to rýchle
97,00000000,2020-02-15 08:17:29,Slovakia,phone,Chrome Mobile 77.0.3865,Android,1,
98,00000000,2020-02-15 09:55:45,Slovakia,desktop,Chrome 79.0.3945,Windows 10,1,
99,00000000,2020-02-15 10:17:28,Slovakia,desktop,Firefox 72.0,Windows 10,1,
100,00000000,2020-02-15 12:17:31,Slovakia,desktop,Chrome 79.0.3945,Windows 7,1,
101,00000000,2020-02-15 12:32:37,Slovakia,tablet,Chrome 79.0.3945,Android 4.4.4,1,"Všetky kroky sú vysvetlené, jednoduché. "
102,00000000,2020-02-15 13:12:13,Slovakia,desktop,Chrome 79.0.3945,Windows 10,1,
103,00000000,2020-02-15 13:32:40,Slovakia,desktop,Chrome 49.0.2623,Windows Vista,1,"objednávka z domu bez čakania, lepší prehľad a porovnanie služieb a MT"
104,00000000,2020-02-15 15:11:23,Slovakia,desktop,Firefox 73.0,Windows 10,2,
105,00000000,2020-02-15 16:04:39,Slovakia,phone,Facebook 256.0.0,Android 8.1.0,1,
106,00000000,2020-02-15 16:04:48,Slovakia,desktop,Firefox 72.0,Windows 7,1,"Stránka prehľadná, stačí len dopísať odpoved na otázky "
107,00000000,2020-02-15 16:13:14,Slovakia,desktop,Chrome 80.0.3987,Windows 10,1,
108,00000000,2020-02-15 17:00:48,Slovakia,phone,Chrome Mobile 79.0.3945,Android,1,Všetko v pohode. 
109,00000000,2020-02-15 17:43:13,Slovakia,phone,Samsung Internet 10.2,Android,1,
110,00000000,2020-02-15 18:04:52,Slovakia,desktop,Chrome 80.0.3987,Windows 7,1,
111,00000000,2020-02-15 18:05:07,Slovakia,desktop,Firefox 73.0,Windows 10,2,
112,00000000,2020-02-15 18:18:07,Slovakia,desktop,Chrome 79.0.3945,Windows 10,3,"Nevedel som, ako využiť ponuku Samsung ( získajte dva špičkové telefóny naraz ), musel som kontaktovať zákaznícku linku."
113,00000000,2020-02-15 19:07:24,Slovakia,phone,Chrome Mobile 80.0.3987,Android,1,Je to velmi jednoduche
114,00000000,2020-02-15 21:24:17,Slovakia,desktop,Chrome 79.0.3945,Windows 10,1,
115,00000000,2020-02-15 21:27:19,Slovakia,desktop,Chrome 80.0.3987,Windows 10,1,prehladne
116,00000000,2020-02-15 21:39:51,Slovakia,desktop,Chrome 79.0.3945,Windows 10,1,"prehľadné, zrozumiteľné"
117,00000000,2020-02-16 07:20:28,Slovakia,phone,Chrome Mobile 80.0.3987,Android,1,
118,00000000,2020-02-16 07:36:09,Slovakia,desktop,Chrome 75.0.3770,Windows 7,5,
119,00000000,2020-02-16 08:13:43,Slovakia,phone,Chrome Mobile 80.0.3987,Android 8.0.0,1,Jednoducha a prehladna apka
120,00000000,2020-02-16 08:16:06,Slovakia,desktop,Chrome 79.0.3945,Windows 10,5,
121,00000000,2020-02-16 08:33:07,Slovakia,phone,Chrome Mobile 80.0.3987,Android 6.0,1,Vyhovuje mi to
122,00000000,2020-02-16 09:42:00,Slovakia,tablet,Mobile Safari 10.0,iOS 10.3.3,5,
123,00000000,2020-02-16 10:15:54,Slovakia,desktop,Opera 55.2.2719,Linux,1,"Vsetko bolo zrozumitelne napisane a uvedene, bez zbytocneho hladania informacii."
124,00000000,2020-02-16 11:39:24,Slovakia,desktop,Chrome 80.0.3987,Windows 10,2,
125,00000000,2020-02-16 12:20:54,Slovakia,phone,Chrome Mobile 80.0.3987,Android 8.0.0,5,
126,00000000,2020-02-16 12:42:42,Switzerland,desktop,Chrome 73.0.3683,Windows 10,4,.
127,00000000,2020-02-16 13:30:15,Slovakia,phone,Chrome Mobile 80.0.3987,Android,3,
128,00000000,2020-02-16 14:28:28,Slovakia,desktop,Chrome 79.0.3945,Windows 10,3,Poprosil by som o prehladnejsie prezeranie samotnych ponukanych slluzieb 
129,00000000,2020-02-16 14:34:49,Slovakia,desktop,Firefox 72.0,Windows 10,1,vsetko jasne
130,00000000,2020-02-16 15:56:49,Slovakia,phone,Chrome Mobile 79.0.3945,Android,5,
131,00000000,2020-02-16 16:10:39,Slovakia,desktop,Chrome 79.0.3945,Windows 10,1,
132,00000000,2020-02-16 17:58:12,Slovakia,phone,Facebook 185.0.0,Android,1,
133,00000000,2020-02-16 18:12:00,Slovakia,desktop,Chrome 80.0.3987,Windows 7,1,
134,00000000,2020-02-16 19:56:23,Slovakia,desktop,Firefox 72.0,Windows 7,5,
135,00000000,2020-02-16 20:00:10,Slovakia,desktop,Chrome 80.0.3987,Windows 7,5,
136,00000000,2020-02-16 20:00:34,Slovakia,desktop,Firefox 72.0,Windows 10,2,
137,00000000,2020-02-16 20:45:28,Slovakia,desktop,Edge 18.18362,Windows 10,2,
138,00000000,2020-02-16 21:40:45,Slovakia,desktop,Edge 18.18362,Windows 10,1,lebo som nemal problem a všetkému som rozumel
139,00000000,2020-02-17 08:16:30,Slovakia,desktop,Chrome 79.0.3945,Windows 10,2,
140,00000000,2020-02-17 08:30:27,Slovakia,desktop,Chrome 80.0.3987,Windows 10,3,na stránke sa zle vypisujú údaje preskakujú tam písmenká
141,00000000,2020-02-17 09:11:32,Slovakia,desktop,Opera 66.0.3515,Windows 7,1,
142,00000000,2020-02-17 09:21:32,Slovakia,desktop,Chrome 79.0.3945,Windows 10,1,
143,00000000,2020-02-17 10:03:27,Slovakia,phone,Chrome Mobile 74.0.3729,Android,1,
144,00000000,2020-02-17 10:12:25,Slovakia,desktop,Opera 66.0.3515,Windows 10,1,
145,00000000,2020-02-17 10:16:30,Slovakia,desktop,Opera 66.0.3515,Windows 8.1,2,
146,00000000,2020-02-17 10:40:00,Slovakia,phone,Chrome Mobile 80.0.3987,Android,2,Dakujem
147,00000000,2020-02-17 11:17:49,Slovakia,desktop,Chrome 79.0.3945,Windows 7,5,
148,00000000,2020-02-17 11:39:48,Slovakia,phone,Chrome Mobile 80.0.3987,Android,1,Zrozumitelny eshop 
149,00000000,2020-02-17 12:24:24,Slovakia,desktop,Chrome 79.0.3945,Windows 10,4,
150,00000000,2020-02-17 13:03:21,Slovakia,desktop,Firefox 72.0,Windows 10,5,Je to veľmi jednoduché 
151,053ec824,2020-02-17 13:51:14,Slovakia,phone,Chrome Mobile 80.0.3987,Android 8.0.0,2,"Nebolo nikde napísané , ako si môžem získat druhý telefón."
152,00000000,2020-02-17 15:25:13,Slovakia,desktop,Chrome 80.0.3987,Windows 10,3,
153,00000000,2020-02-17 15:27:55,Slovakia,desktop,Chrome 79.0.3945,Windows 10,1,
154,00000000,2020-02-17 15:33:20,Slovakia,phone,Chrome Mobile 80.0.3987,Android,4,
155,00000000,2020-02-17 17:53:08,Slovakia,desktop,Firefox 72.0,Windows 10,1,lebo
156,00000000,2020-02-17 17:59:24,Slovakia,phone,Facebook 257.0.0,Android 7.0,1,
157,00000000,2020-02-17 18:42:01,Slovakia,phone,Chrome Mobile 74.0.3729,Android,1,"Prehlad vyborny, popis, vsetko zrozumitelne"
158,00000000,2020-02-17 18:54:46,Slovakia,phone,Mobile Safari 13.0.4,iOS 13.3,1,"jednoduchost, rychlost objednavania"
159,00000000,2020-02-17 19:10:11,Slovakia,phone,Samsung Internet 10.2,Android 6.0.1,1,
160,00000000,2020-02-17 20:03:43,Slovakia,desktop,Chrome 80.0.3987,Windows 10,1,
161,00000000,2020-02-17 20:37:53,Slovakia,phone,Mobile Safari 13.0.1,iOS 13.1.2,1,"Prehladna stranka, dobre spracovanie udajov."
162,00000000,2020-02-17 20:53:16,Slovakia,desktop,Chrome 80.0.3987,Mac OS X 10.15.2,3,"Pri nastaveni sposobu dorucenia a platby ma system najprv nechcel pustit dalej a uviedol chybu ""Nespravny sposob platby"", nebolo mi jasne kde je problem, pretoze nikde nebol vysvetlujuci text. Potom som skusila preklikat rozne nastavenia a neskor sa mi podarilo dostat dalej."
163,00000000,2020-02-17 21:46:53,Slovakia,desktop,Chrome 80.0.3987,Windows 10,2,
164,00000000,2020-02-17 22:18:38,Slovakia,phone,Chrome Mobile 80.0.3987,Android 8.0.0,5,
165,00000000,2020-02-17 22:21:48,Slovakia,desktop,Chrome 79.0.3945,Windows 10,2,
166,00000000,2020-02-18 00:14:29,Slovakia,phone,Mobile Safari 13.0.4,iOS 13.3,1,Máte to urobené jednoducho 
167,00000000,2020-02-18 06:41:49,Slovakia,phone,Chrome Mobile 80.0.3987,Android,2,
168,00000000,2020-02-18 06:50:23,Slovakia,phone,Chrome Mobile 80.0.3987,Android,5,
169,00000000,2020-02-18 10:35:35,Slovakia,desktop,Safari 13.0.2,Mac OS X 10.14.6,1,Všetko bolo prehľadné
170,00000000,2020-02-18 11:04:38,Slovakia,desktop,Firefox 72.0,Windows 7,1,
171,00000000,2020-02-18 11:17:22,Slovakia,desktop,Chrome 80.0.3987,Windows 7,3,
172,00000000,2020-02-18 11:32:45,Slovakia,phone,Chrome Mobile 80.0.3987,Android,1,Jednoduche objednavanie cez e-shop
173,00000000,2020-02-18 11:33:30,Slovakia,desktop,Chrome 79.0.3945,Windows 8.1,2,pretože som mala problém pri možnosť voľby doručenia - kurier sa mi nedalo odkliknut a predajnu v SNV mi nedalo na výber
174,00000000,2020-02-18 11:43:22,Slovakia,desktop,Chrome 80.0.3987,Windows 10,5,
175,00000000,2020-02-18 12:47:22,Germany,desktop,Chrome 80.0.3987,Windows 10,1,
176,00000000,2020-02-18 14:08:48,Slovakia,desktop,Chrome 79.0.3945,Windows 7,1,
177,00000000,2020-02-18 14:36:12,Slovakia,desktop,Chrome 80.0.3987,Windows 7,1,
178,00000000,2020-02-18 15:02:47,Slovakia,desktop,Firefox 73.0,Windows 7,3,
179,00000000,2020-02-18 16:02:49,Slovakia,desktop,Chrome 79.0.3945,Windows 10,5,
180,00000000,2020-02-18 16:41:27,Slovakia,phone,Chrome Mobile 80.0.3987,Android 8.1.0,4,Začiatočníka 
181,00000000,2020-02-18 17:22:05,Slovakia,desktop,Chrome 79.0.3945,Windows 10,1,lebo
182,00000000,2020-02-18 19:18:45,Slovakia,phone,Chrome Mobile 80.0.3987,Android,1,
183,00000000,2020-02-18 23:55:35,Slovakia,phone,Chrome Mobile 74.0.3729,Android,5,Lebo stemi ponukli telefon na splatky a nesklamem vas dakujem
184,00000000,2020-02-19 06:46:21,Slovakia,desktop,Firefox 73.0,Ubuntu,1,
185,00000000,2020-02-19 08:22:53,Slovakia,phone,Chrome Mobile 80.0.3987,Android,1,Všetko sa dá jednoducho objednať 
186,00000000,2020-02-19 09:15:42,Hungary,desktop,Chrome 79.0.3945,Windows 10,1,
187,00000000,2020-02-19 10:01:06,Slovakia,desktop,Chrome 80.0.3987,Windows 7,1,
188,00000000,2020-02-19 12:01:37,Hungary,desktop,Firefox 72.0,Windows 10,4,
189,00000000,2020-02-19 12:58:04,Slovakia,phone,Samsung Internet 10.2,Android,1,Samé plusy ľahko sa nakupuje :) 
190,00000000,2020-02-19 13:06:15,Slovakia,desktop,Chrome 79.0.3945,Windows 7,3,
191,00000000,2020-02-19 13:27:13,Slovakia,tablet,Facebook 257.0.0,Android 7.1.1,5,
192,00000000,2020-02-19 15:11:40,Slovakia,desktop,Chrome 80.0.3987,Windows 10,1,Je to tu jednoduché a prehľadné 
193,00000000,2020-02-19 15:29:11,Slovakia,tablet,Chrome 80.0.3987,Android 6.0,5,
194,00000000,2020-02-19 15:43:09,Slovakia,phone,Mobile Safari 13.0.4,iOS 13.3,1,
195,00000000,2020-02-19 17:18:22,Slovakia,desktop,Chrome 80.0.3987,Windows 10,4,
196,00000000,2020-02-19 17:29:48,Slovakia,desktop,Firefox 72.0,Windows 10,1,
197,00000000,2020-02-19 18:17:02,Slovakia,desktop,Chrome 80.0.3987,Windows 10,1,
198,00000000,2020-02-19 18:52:13,Slovakia,desktop,Firefox 73.0,Windows 10,1,"prehľadné, zrozumiteľné
"
199,00000000,2020-02-19 20:21:50,Slovakia,desktop,Chrome 76.0.3809,Windows 8.1,2,
200,00000000,2020-02-19 20:26:55,Slovakia,phone,Chrome Mobile 80.0.3987,Android,5,
201,00000000,2020-02-19 21:11:28,Slovakia,desktop,Opera 66.0.3515,Windows 10,1,intuitivna navigacia
202,00000000,2020-02-19 21:28:02,Slovakia,desktop,Edge 18.18363,Windows 10,1,
203,00000000,2020-02-19 23:52:14,Slovakia,phone,Chrome Mobile 71.0.3578,Android 4.3,1,
204,00000000,2020-02-20 03:51:18,Slovakia,phone,Chrome Mobile 80.0.3987,Android,5,
205,00000000,2020-02-20 05:32:25,Slovakia,phone,Chrome Mobile 80.0.3987,Android 7.0,5,Super. Rychly.
206,00000000,2020-02-20 06:43:47,Slovakia,phone,Chrome Mobile 80.0.3987,Android,1,Prehľadné 
207,00000000,2020-02-20 07:26:11,Slovakia,desktop,Chrome 80.0.3987,Windows 10,2,"Včera mi nešlo vyhotoviť objednávku, hlásilo chybu."
208,00000000,2020-02-20 08:39:06,Slovakia,desktop,Chrome 80.0.3987,Windows 7,1,"Jasné,stručné,zrozumiteľné."
209,00000000,2020-02-20 09:18:32,Slovakia,desktop,Chrome 80.0.3987,Windows 10,2,"Vcelku intuitívne. Chýba mi však potvrdenie, že súčasťou dodávky bude aj druhý telefón Samsung Galaxy A20e v zmysle ponuky."
210,00000000,2020-02-20 09:21:26,Slovakia,tablet,Chrome 64.0.3282,Android 7.1.1,2,"Neslo mi to lahko, ale velmi mi pomohla Vasa infolinka, s ktorou som pocas objednavky telefonovala."
211,00000000,2020-02-20 09:30:59,Slovakia,desktop,Chrome 79.0.3945,Windows 10,5,
212,00000000,2020-02-20 09:52:19,Slovakia,desktop,Firefox 73.0,Windows 10,1,
213,00000000,2020-02-20 11:13:25,Slovakia,phone,Chrome Mobile 80.0.3987,Android,1,Nákup on line je jednoduchý 
214,00000000,2020-02-20 11:23:03,Slovakia,tablet,Mobile Safari 13.0.5,iOS 13.3.1,1,
215,00000000,2020-02-20 11:42:38,Slovakia,desktop,Chrome 80.0.3987,Windows 10,2,
216,00000000,2020-02-20 11:45:46,Slovakia,desktop,Chrome 79.0.3945,Windows 10,3,"Objednávam S A71 v akcii spolu s S A20 za 1 euro. V sumáre objednávky mám uvedený len A71, teda neviem, či A20 sa pridáva automaticky, alebo som urobil objednávku nesprávne. Ďakujem."
217,00000000,2020-02-20 12:17:40,Slovakia,desktop,Firefox 72.0,Windows 10,3,
218,00000000,2020-02-20 13:29:21,Slovakia,phone,Facebook 253.0.0,Android 6.0.1,5,Dobrí požiadala som si o mobil pausal
219,00000000,2020-02-20 13:37:21,Slovakia,desktop,Chrome 79.0.3945,Windows 10,5,
220,00000000,2020-02-20 14:59:21,Slovakia,desktop,Chrome 79.0.3945,Windows 10,1,Všetko zrozumiteľne napísané
221,00000000,2020-02-20 15:00:35,Slovakia,desktop,Chrome 80.0.3987,Windows 10,4,
222,00000000,2020-02-20 16:39:15,Slovakia,phone,Chrome Mobile 80.0.3987,Android 7.1.1,5,
223,00000000,2020-02-20 17:00:25,Slovakia,phone,Chrome Mobile 80.0.3987,Android 7.0,1,
224,00000000,2020-02-20 17:39:04,Slovakia,desktop,Firefox 73.0,Windows 10,1,
225,00000000,2020-02-20 18:23:55,Slovakia,desktop,Chrome 79.0.3945,Windows 10,1,
226,00000000,2020-02-20 18:42:36,Slovakia,phone,Chrome Mobile 78.0.3904,Android 8.0.0,1,Prehľadné 
227,00000000,2020-02-20 19:22:28,Slovakia,phone,Chrome Mobile 80.0.3987,Android 8.0.0,4,Prvá objednávka cez mobil 
228,00000000,2020-02-20 19:33:53,Slovakia,desktop,Firefox 72.0,Mac OS X 10.14,1,
229,00000000,2020-02-20 20:04:04,Slovakia,desktop,Safari 13.0.5,Mac OS X 10.15.3,2,chýbal mi lepší popis telefónu
230,00000000,2020-02-20 20:28:15,Slovakia,desktop,Opera 66.0.3515,Windows 10,1,
231,00000000,2020-02-20 20:31:11,Slovakia,desktop,Chrome 80.0.3987,Windows 10,1,
232,00000000,2020-02-20 22:16:30,Slovakia,desktop,Firefox 73.0,Windows 10,2,
233,00000000,2020-02-21 08:51:03,Slovakia,phone,Chrome Mobile 80.0.3987,Android,2,
234,00000000,2020-02-21 10:31:55,Slovakia,phone,Chrome Mobile 80.0.3987,Android,5,
235,00000000,2020-02-21 10:40:42,Slovakia,phone,Chrome Mobile 80.0.3987,Android 7.0,2,"Trošku bol problém nájsť to,co som hladala.Ale nakoniec sa našlo a samotná objednávka už sa vytvárala chytro :-) Ďakujem."
236,00000000,2020-02-21 10:51:36,Slovakia,desktop,Opera 66.0.3515,Windows 10,2,
237,00000000,2020-02-21 11:12:33,Slovakia,desktop,Chrome 79.0.3945,Windows 10,1,
238,00000000,2020-02-21 11:19:02,Slovakia,desktop,Chrome 79.0.3945,Windows 10,5,
239,00000000,2020-02-21 11:58:14,Slovakia,desktop,IE 11.0,Windows 10,1,Nikam som nemusel chodiť a vybavil som všetko online.
240,00000000,2020-02-21 12:01:03,Slovakia,desktop,Chrome 79.0.3945,Windows 10,1,
241,00000000,2020-02-21 12:01:24,Slovakia,desktop,Chrome 80.0.3987,Windows 10,5,
242,00000000,2020-02-21 12:06:18,Slovakia,phone,Chrome Mobile 80.0.3987,Android,5,
243,00000000,2020-02-21 13:09:35,Slovakia,desktop,Chrome 80.0.3987,Windows 8.1,5,
244,00000000,2020-02-21 13:26:04,Slovakia,phone,Chrome Mobile 80.0.3987,Android,1,Lebo mi to vihovuje m
245,00000000,2020-02-21 13:48:12,Slovakia,desktop,Edge 18.17763,Windows 10,1,..
246,00000000,2020-02-21 14:38:21,Slovakia,desktop,Chrome 80.0.3987,Windows 7,1,
247,00000000,2020-02-21 14:47:03,Slovakia,phone,Chrome Mobile 80.0.3987,Android 7.0,5,
248,00000000,2020-02-21 15:46:07,Slovakia,phone,Facebook 257.0.0,Android 7.1.1,1,
249,00000000,2020-02-21 15:55:47,Slovakia,desktop,Chrome 81.0.4041,Windows 10,4,"vela roznych kombinacii na vyber
preco sa pytate na suhlas s poskytovanim dat tretim stranam? preco by zakaznik mal mat o to zaujem?"
250,00000000,2020-02-21 16:09:38,Slovakia,phone,Chrome Mobile 80.0.3987,Android,2,A
251,00000000,2020-02-21 16:10:53,Slovakia,desktop,Chrome 79.0.3945,Windows 8,2,
252,00000000,2020-02-21 16:36:54,Slovakia,desktop,Chrome 80.0.3987,Windows 10,2,
253,00000000,2020-02-21 17:24:44,Slovakia,phone,Chrome Mobile 80.0.3987,Android 7.0,1,
254,00000000,2020-02-21 18:33:14,Slovakia,desktop,Firefox 73.0,Windows 10,1,Som spokojný. Uživateľsky priateľská stránka.
255,00000000,2020-02-21 19:12:23,Slovakia,desktop,Edge 17.17134,Windows 10,1,
256,00000000,2020-02-21 19:15:23,Slovakia,desktop,Edge 18.18362,Windows 10,1,úplne jednoduché všetko je prehľadné tak že pre každého kto vie čítať a ovláda základy PC to náročné nebude.
257,00000000,2020-02-21 19:27:47,Slovakia,desktop,Opera 66.0.3515,Windows 10,1,
258,00000000,2020-02-22 10:45:45,Slovakia,desktop,Safari 13.0.3,Mac OS X 10.15.1,1,
259,00000000,2020-02-22 12:36:14,Slovakia,desktop,Chrome 79.0.3945,Windows 10,1,
260,00000000,2020-02-22 12:43:09,Slovakia,phone,Chrome Mobile 80.0.3987,Android 5.1.1,1,Stranka je jednoducha a prehladna
261,00000000,2020-02-22 13:29:42,Slovakia,phone,Facebook 257.0.0,Android,1,
262,00000000,2020-02-22 14:11:50,Slovakia,phone,Chrome Mobile 80.0.3987,Android 7.0,1,Veľmi Dobré Ponuky Máte :-)
263,00000000,2020-02-22 15:04:24,Slovakia,phone,Chrome Mobile 78.0.3904,Android 4.4.2,1,Je to super lebo mozem pohodline z domova objednat a setri vela casu.Dakujem
264,00000000,2020-02-22 15:10:32,Slovakia,tablet,Chrome Mobile iOS 80.0.3987,iOS 13.3,3,Aj ked som si. vybral pracovat s konkretnym cislom v eshope som bol spat na defaultnom. chyba moznost zakupit zariadenie bez pausalu.
265,00000000,2020-02-22 16:35:35,Slovakia,desktop,Chrome 79.0.3945,Windows 10,1,Objednávka je z pohodlia domova a zo zľavami.
266,00000000,2020-02-22 17:24:36,Slovakia,desktop,Firefox 73.0,Windows 10,1,
267,00000000,2020-02-22 18:47:24,Slovakia,phone,Chrome Mobile 80.0.3987,Android 6.0,1,
268,00000000,2020-02-22 19:19:52,Slovakia,desktop,Opera 66.0.3515,Windows 10,1,Všetko super
269,00000000,2020-02-22 19:22:28,Slovakia,phone,Chrome Mobile 80.0.3987,Android 8.1.0,1,
270,00000000,2020-02-22 20:51:47,Slovakia,phone,Facebook 258.0.0,Android,1,Je to veľ. I jednoduché a pohodlné rovno z domova 
271,00000000,2020-02-22 21:58:30,Slovakia,phone,Chrome Mobile 72.0.3626,Android,1,Chcem byť Orange zákazník
272,00000000,2020-02-22 22:08:58,Slovakia,desktop,Edge 18.17763,Windows 10,1,Formulár je zrozumiteľný a intuitívny
273,00000000,2020-02-23 00:09:33,Slovakia,phone,Chrome Mobile 80.0.3987,Android,3,
274,00000000,2020-02-23 01:43:53,Slovakia,phone,Facebook 258.0.0,Android,5,Prakticke pohodlne nakupovanie
275,00000000,2020-02-23 06:49:45,Slovakia,phone,Facebook 258.0.0,Android 8.0.0,1,Jednoduché vyplnenie
276,00000000,2020-02-23 09:49:31,Slovakia,desktop,Chrome 79.0.3945,Windows 7,1,Bez problémov
277,00000000,2020-02-23 11:40:52,Slovakia,desktop,Chrome 79.0.3945,Windows 7,1,
278,00000000,2020-02-23 11:57:36,Slovakia,desktop,Chrome 79.0.3945,Windows 10,1,Prehľadnosť..
279,00000000,2020-02-23 12:45:22,Slovakia,desktop,Firefox 72.0,Windows 7,2,n
280,00000000,2020-02-23 12:54:40,Slovakia,desktop,Chrome 79.0.3945,Windows 10,1,
281,00000000,2020-02-23 13:21:27,Slovakia,desktop,Chrome 80.0.3987,Windows 10,1,
282,00000000,2020-02-23 13:40:45,Slovakia,desktop,Chrome 80.0.3987,Windows 10,3,Mohli by byť uložené údaje 
283,00000000,2020-02-23 14:02:09,Slovakia,desktop,Chrome 80.0.3987,Windows 10,5,
284,00000000,2020-02-23 14:06:21,Slovakia,desktop,Chrome 80.0.3987,Windows 10,1,šetrí to čas
285,00000000,2020-02-23 14:28:23,Slovakia,phone,Facebook 258.0.0,Android,1,
286,00000000,2020-02-23 14:42:12,Slovakia,phone,Chrome Mobile 79.0.3945,Android 6.0,2,
287,00000000,2020-02-23 15:14:00,Slovakia,desktop,Chrome 80.0.3987,Windows 10,4,
288,00000000,2020-02-23 15:26:39,Slovakia,desktop,Chrome 79.0.3945,Windows 10,2,
289,00000000,2020-02-23 15:27:54,Slovakia,phone,Facebook 258.0.0,Android 7.0,3,
290,00000000,2020-02-23 15:34:17,Slovakia,phone,Chrome Mobile 80.0.3987,Android,1,
291,00000000,2020-02-23 15:36:28,Slovakia,phone,Chrome Mobile 80.0.3987,Android 8.1.0,1,Lebo Orange služba je najlepšia 
292,00000000,2020-02-23 16:07:37,Slovakia,desktop,Chrome 79.0.3945,Windows 10,1,
293,00000000,2020-02-23 16:21:51,Slovakia,desktop,Chrome 79.0.3945,Windows 7,1,
294,00000000,2020-02-23 16:24:37,Slovakia,desktop,Chrome 79.0.3945,Windows 10,2,chýbaju vysvetlivky
295,00000000,2020-02-23 17:05:11,Slovakia,phone,Chrome Mobile 79.0.3945,Android 7.0,1,Ste super
296,00000000,2020-02-23 17:27:16,Slovakia,phone,Chrome Mobile 80.0.3987,Android,5,Skvelá spoločnosť
297,00000000,2020-02-23 17:39:23,Slovakia,phone,Chrome Mobile 80.0.3987,Android,5,
298,00000000,2020-02-23 17:45:03,Slovakia,desktop,Chrome 80.0.3987,Windows 10,2,
299,00000000,2020-02-23 18:03:43,Slovakia,desktop,Chrome 79.0.3945,Windows 10,1,Dobrý výber ajednouchý
300,00000000,2020-02-23 19:43:32,Slovakia,desktop,Chrome 80.0.3987,Windows 10,2,Keď bol prenos čísla mohlo by to hneď naviesť na paušály
301,00000000,2020-02-23 20:01:32,Slovakia,desktop,Chrome 80.0.3987,Windows 10,1,S pohodlia domova
302,00000000,2020-02-23 21:00:13,Slovakia,desktop,Chrome 79.0.3945,Windows 10,2,
303,00000000,2020-02-23 21:17:24,Slovakia,desktop,Firefox 73.0,Windows 10,1,
304,00000000,2020-02-23 21:41:50,Slovakia,desktop,Firefox 73.0,Windows 10,1,
305,00000000,2020-02-23 22:19:24,Slovakia,phone,Chrome Mobile 80.0.3987,Android,2,
306,00000000,2020-02-23 23:10:28,Slovakia,phone,Chrome Mobile 80.0.3987,Android,1,
307,00000000,2020-02-24 01:42:00,Slovakia,phone,Chrome Mobile 80.0.3987,Android,1,Je to super
308,00000000,2020-02-24 02:20:29,Slovakia,phone,Chrome Mobile 80.0.3987,Android 8.0.0,2,
309,00000000,2020-02-24 08:06:25,Slovakia,desktop,Firefox 73.0,Windows 10,2,
310,00000000,2020-02-24 08:13:42,Slovakia,desktop,Firefox 73.0,Windows 10,1,"prehľadnosť, jednoduchosť, rýchlosť
"
311,00000000,2020-02-24 08:54:17,Slovakia,phone,Chrome Mobile 80.0.3987,Android,5,
312,00000000,2020-02-24 08:55:23,Slovakia,desktop,Edge 18.17763,Windows 10,1,
313,00000000,2020-02-24 09:07:24,Slovakia,phone,Chrome Mobile 80.0.3987,Android 7.0,1,
314,00000000,2020-02-24 10:01:05,Slovakia,desktop,Firefox 68.0,Windows 10,1,
315,00000000,2020-02-24 10:18:03,Slovakia,desktop,Chrome 79.0.3945,Windows 8.1,1,"Krásne ovládanie jednoduchá objednávka
"
316,00000000,2020-02-24 10:38:02,Slovakia,desktop,Chrome 80.0.3987,Windows 10,5,
317,00000000,2020-02-24 10:45:32,Slovakia,phone,Facebook 258.0.0,Android,5,
318,00000000,2020-02-24 10:57:27,Slovakia,desktop,Chrome 80.0.3987,Windows 10,1,"Prehľadné, jednoduché.... "
319,00000000,2020-02-24 11:06:02,Slovakia,desktop,Chrome 79.0.3945,Windows 10,5,.
320,00000000,2020-02-24 13:54:09,Slovakia,desktop,Chrome 79.0.3945,Windows 8.1,2,
321,00000000,2020-02-24 14:00:41,United States,desktop,Chrome 79.0.3945,Windows 7,1,"vsetko prehladne jasne, krok po kroku"
322,00000000,2020-02-24 16:38:32,Slovakia,desktop,Chrome 80.0.3987,Windows 7,2,
323,00000000,2020-02-24 16:38:56,Slovakia,tablet,Chrome 80.0.3987,Android 6.0,4,Nemám skúsenosti s využívaním internet u.
324,00000000,2020-02-24 18:01:06,Slovakia,desktop,Firefox 72.0,Windows 10,1,Bolo to jednoduché a prehladné.
325,00000000,2020-02-24 19:00:53,Czechia,desktop,Chrome 79.0.3945,Windows 10,5,Rýchlosť dodania
326,00000000,2020-02-24 19:20:32,Slovakia,desktop,Opera 66.0.3515,Windows 10,1,nič zložité
327,00000000,2020-02-24 20:01:22,Slovakia,desktop,Safari 12.1.1,Mac OS X 10.14.5,1,
328,00000000,2020-02-24 21:02:02,Slovakia,phone,Chrome Mobile 80.0.3987,Android,1,"Prehľadný obsah, jasná a jednoduchá navigacia"
329,00000000,2020-02-24 22:30:56,Slovakia,phone,Chrome Mobile 80.0.3987,Android 8.0.0,1,
330,00000000,2020-02-25 08:32:00,Slovakia,phone,Chrome Mobile 80.0.3987,Android 7.0,1,
331,00000000,2020-02-25 08:34:37,Slovakia,phone,Chrome Mobile 80.0.3987,Android 5.1,1,Bol som spokojni
332,00000000,2020-02-25 09:03:50,Slovakia,phone,Chrome Mobile 80.0.3987,Android 7.0,1,
333,00000000,2020-02-25 09:06:21,Slovakia,phone,Chrome Mobile 80.0.3987,Android,1,
334,00000000,2020-02-25 10:46:42,Slovakia,desktop,Chrome 80.0.3987,Windows 10,1,"jednoduche prehladne
"
335,00000000,2020-02-25 11:58:19,Slovakia,desktop,Chrome 79.0.3945,Windows 7,1,
336,00000000,2020-02-25 12:03:21,Slovakia,desktop,Firefox 73.0,Windows 7,1,
337,00000000,2020-02-25 12:45:44,Slovakia,desktop,Firefox 73.0,Windows 10,1,"rýchle, prehladné prose super :)"
338,00000000,2020-02-25 13:04:58,Slovakia,desktop,Opera 66.0.3515,Windows 7,2,
339,00000000,2020-02-25 13:23:34,Slovakia,desktop,Firefox 72.0,Windows 10,1,Je to jednoduché a prehladne 
340,00000000,2020-02-25 14:04:25,Norway,desktop,Chrome 80.0.3987,Windows 10,1,
341,00000000,2020-02-25 14:13:50,Slovakia,desktop,Opera 66.0.3515,Windows 10,1,Velmi dobre zadania a zrozumitelne.
342,00000000,2020-02-25 14:16:51,Italy,desktop,Chrome 80.0.3987,Windows 10,5,omyl
343,00000000,2020-02-25 14:53:18,Slovakia,desktop,Chrome 79.0.3945,Windows 10,1,moj orange je velmi priehladne a jednoduche
344,00000000,2020-02-25 15:54:07,Slovakia,phone,Mobile Safari 13.0.5,iOS 13.3.1,1,Všetko zrozumiteľne
345,00000000,2020-02-25 16:22:56,Slovakia,phone,Facebook 258.0.0,Android,1,Jednoducho
346,00000000,2020-02-25 16:59:27,Slovakia,phone,Chrome Mobile 71.0.3578,Android 7.0,3,
347,00000000,2020-02-25 19:23:07,Slovakia,phone,Chrome Mobile 66.0.3359,Android 8.0.0,5,Je to veľmi komfortné 
348,00000000,2020-02-25 20:07:06,Slovakia,desktop,Chrome 80.0.3987,Windows 10,1,
349,00000000,2020-02-25 20:11:12,Slovakia,desktop,Opera 66.0.3515,Windows 7,2,Celkom v pohode 
350,00000000,2020-02-25 22:53:48,Slovakia,desktop,Chrome 79.0.3945,Windows 10,1,
351,00000000,2020-02-25 23:04:34,Slovakia,phone,Facebook 256.0.0,Android 5.1.1,2,.
352,00000000,2020-02-26 00:43:38,Slovakia,phone,Chrome Mobile 80.0.3987,Android 7.0,1,Bolo to jasné a prehľadné.
353,00000000,2020-02-26 09:34:23,Slovakia,phone,Chrome Mobile 80.0.3987,Android 7.0,1,Lebo
354,00000000,2020-02-26 10:03:13,Slovakia,phone,Facebook 258.0.0,Android,1,
355,00000000,2020-02-26 10:15:33,Slovakia,phone,Mobile Safari 12.1.2,iOS 12.4,1,Aspon nemusime chodi
356,00000000,2020-02-26 11:32:19,Slovakia,desktop,Safari 13.0.5,Mac OS X 10.15.3,3,
357,00000000,2020-02-26 11:53:09,Slovakia,desktop,Chrome 79.0.3945,Windows 8.1,1,
358,00000000,2020-02-26 12:18:16,France,desktop,Chrome 79.0.3945,Windows 10,1,prehľadné a jednoduché
359,00000000,2020-02-26 13:23:43,Slovakia,desktop,Chrome 79.0.3945,Windows 10,1,Máte prehľadné stránky.
360,00000000,2020-02-26 13:44:00,Slovakia,phone,Chrome Mobile 74.0.3729,Android,1,Som spokojni
361,00000000,2020-02-26 14:08:37,Slovakia,desktop,Chrome 80.0.3987,Windows 10,1,
362,00000000,2020-02-26 14:08:50,Slovakia,desktop,Firefox 73.0,Windows 10,5,rychlo a prehladne
363,00000000,2020-02-26 14:47:51,Slovakia,desktop,Chrome 79.0.3945,Windows 10,1,Jednoduchá objednávka :D
364,00000000,2020-02-26 14:57:42,Slovakia,phone,Chrome Mobile 80.0.3987,Android 7.1.1,1,
365,00000000,2020-02-26 15:23:24,Slovakia,desktop,Firefox 73.0,Windows 10,1,
366,00000000,2020-02-26 15:27:24,Slovakia,desktop,Chrome 79.0.3945,Windows 10,2,
367,00000000,2020-02-26 15:32:12,Slovakia,desktop,Chrome 79.0.3945,Windows 10,1,
368,00000000,2020-02-26 16:15:54,Slovakia,desktop,Chrome 79.0.3945,Windows 10,1,prehľadné stránky
369,00000000,2020-02-26 16:24:46,Slovakia,phone,Chrome Mobile 80.0.3987,Android 8.1.0,1,Nie je to dôležité
370,00000000,2020-02-26 16:44:03,Slovakia,phone,Chrome Mobile 79.0.3945,Android 7.0,1,Dobre
371,00000000,2020-02-26 16:52:11,Slovakia,desktop,Chrome 80.0.3987,Windows 10,1,
372,00000000,2020-02-26 17:14:03,Slovakia,desktop,Chrome 79.0.3945,Windows 10,2,
373,00000000,2020-02-26 17:29:12,Slovakia,phone,Facebook 258.0.0,Android,5,Som s vami spokojna
374,00000000,2020-02-26 17:32:50,Slovakia,desktop,Firefox 73.0,Windows 7,1,"ok
"
375,00000000,2020-02-26 17:36:53,Slovakia,phone,Chrome Mobile 71.0.3578,Android,1,Nemusím nikam chodiť a rýchlo to vybavím
376,00000000,2020-02-26 18:27:40,Slovakia,tablet,Chrome 80.0.3987,Android 8.0.0,2,Lepšie vysvetlenie produktov asi osobne.
377,00000000,2020-02-26 19:28:13,Slovakia,tablet,Chrome 79.0.3945,Android 4.4.4,2,
378,00000000,2020-02-26 19:53:54,Slovakia,phone,Chrome Mobile 80.0.3987,Android 7.0,1,
379,00000000,2020-02-27 02:19:05,Slovakia,phone,Samsung Internet 10.2,Android,1,Lebo je to phodline a jednoduche zaroven setri cas a ja mam viac casu na svijich naj blisich.Ta ze DAKUJEM.
380,00000000,2020-02-27 04:28:23,Slovakia,phone,Chrome Mobile 80.0.3987,Android,1,
381,00000000,2020-02-27 05:58:22,Slovakia,desktop,Chrome 80.0.3987,Windows 10,3,
382,00000000,2020-02-27 07:36:11,Slovakia,desktop,Firefox 73.0,Windows 7,1,
383,00000000,2020-02-27 07:56:05,Slovakia,desktop,Chrome 80.0.3987,Windows 8,1,
384,00000000,2020-02-27 09:03:02,Slovakia,phone,Chrome Mobile 80.0.3987,Android 7.0,3,
385,00000000,2020-02-27 09:55:59,Slovakia,desktop,Chrome 80.0.3987,Windows 7,2,
386,00000000,2020-02-27 09:57:01,Slovakia,phone,Facebook 258.0.0,Android 5.1.1,1,Iba dopisať udaje do formulara
387,00000000,2020-02-27 11:12:09,Slovakia,desktop,IE 11.0,Windows 7,1,
388,00000000,2020-02-27 12:26:54,Slovakia,desktop,Chrome 80.0.3987,Windows 10,1,všetko je prehľadné a dobre vysvetlené 
389,00000000,2020-02-27 13:06:10,Slovakia,desktop,Chrome 80.0.3987,Windows 7,1,"prehladne, je to ok"
390,00000000,2020-02-27 15:30:26,Slovakia,desktop,Chrome 79.0.3945,Windows 10,1,
391,00000000,2020-02-27 15:41:52,Slovakia,desktop,Firefox 72.0,Windows 10,4,
392,00000000,2020-02-27 15:52:57,Slovakia,desktop,Chrome 80.0.3987,Windows 7,2,
393,00000000,2020-02-27 16:05:54,Slovakia,desktop,Chrome 80.0.3987,Windows 8.1,2,
394,00000000,2020-02-27 16:17:03,Slovakia,desktop,Chrome 80.0.3987,Windows 8.1,2,"Pri mobilnej verzii prehliadača bola manipulácia na stránke zložitá a nešikovná, hlavne pri zdĺhavom vypĺňaní údajov. Radšej som prešla na PC. :) "
395,00000000,2020-02-27 17:11:28,Slovakia,desktop,IE 11.0,Windows 7,1,"bolo to jednoduche  si objednať služby s telefonom ,po spravnom vyplneni ma to zaviedlo k dalšiemu kroku k uspešne dokončenej objednavke"
396,00000000,2020-02-27 18:30:04,Slovakia,desktop,Chrome 79.0.3945,Windows 10,1,
397,00000000,2020-02-27 19:15:35,Slovakia,desktop,Chrome 79.0.3945,Windows 7,1,gsdgs
398,00000000,2020-02-27 19:43:30,Slovakia,phone,Chrome Mobile 80.0.3987,Android,1,
399,00000000,2020-02-27 19:43:57,Slovakia,desktop,Chrome 80.0.3987,Windows 10,4,ok
400,00000000,2020-02-27 19:48:12,Slovakia,desktop,Chrome 80.0.3987,Windows 10,1,
401,00000000,2020-02-27 21:46:46,Slovakia,desktop,Safari 13.0.2,Mac OS X 10.13.6,2,
402,00000000,2020-02-28 01:53:57,Slovakia,tablet,Chrome 80.0.3987,Android 7.0,1,Nebolo to ťažké
403,00000000,2020-02-28 08:09:17,Slovakia,desktop,Chrome 79.0.3945,Windows 8,1,
404,00000000,2020-02-28 08:18:42,Slovakia,phone,Chrome Mobile WebView 80.0.3987,Android 8.1.0,1,
405,00000000,2020-02-28 08:55:27,Germany,desktop,Chrome 80.0.3987,Windows 10,1, N
406,00000000,2020-02-28 09:00:06,Slovakia,tablet,Chrome 80.0.3987,Android 7.1.1,1,Jednoduchá aplikácia
407,00000000,2020-02-28 09:53:12,Slovakia,desktop,Chrome 80.0.3987,Windows 10,4,
408,00000000,2020-02-28 10:03:04,Slovakia,phone,Mobile Safari 13.0.5,iOS 13.3.1,1,Prehľadnosť 
409,00000000,2020-02-28 10:55:21,Slovakia,desktop,IE 11.0,Windows 7,1,
410,00000000,2020-02-28 10:59:14,Slovakia,phone,Chrome Mobile 80.0.3987,Android 8.1.0,3,
411,00000000,2020-02-28 10:59:27,Slovakia,desktop,Opera 66.0.3515,Windows 8.1,4,
412,00000000,2020-02-28 10:59:59,Slovakia,desktop,Chrome 80.0.3987,Windows 7,2,
413,00000000,2020-02-28 11:56:43,Slovakia,desktop,Chrome 80.0.3987,Windows 10,1,
414,00000000,2020-02-28 12:09:29,Slovakia,desktop,Chrome 80.0.3987,Windows 10,4,
415,00000000,2020-02-28 13:43:23,Slovakia,desktop,Chrome 80.0.3987,Windows 10,1,
416,00000000,2020-02-28 14:20:49,Slovakia,desktop,Chrome 80.0.3987,Windows 8.1,1,
417,00000000,2020-02-28 14:27:38,Austria,phone,Facebook 259.0.0,Android,3,Tak som v práci
418,00000000,2020-02-28 14:32:49,Slovakia,desktop,Chrome 80.0.3987,Windows 10,3,
419,00000000,2020-02-28 15:47:30,Slovakia,desktop,Firefox 73.0,Windows 7,2,"nemala som istotu, ze sa moj nakup vztahuje na prave prebiehajucu akciu
"
420,00000000,2020-02-28 16:04:20,Slovakia,phone,Chrome Mobile 79.0.3945,Android 7.0,1,"V pohodlí domova, bez čakania na predajni. "
421,00000000,2020-02-28 16:04:55,Slovakia,phone,Facebook 258.0.0,Android,1,"Jednoduché,krok po kroku "
422,00000000,2020-02-28 16:21:06,Slovakia,phone,Mobile Safari 12.1.2,iOS 12.4.5,2,
423,00000000,2020-02-28 16:38:13,Slovakia,desktop,Chrome 80.0.3987,Windows 10,1,
424,00000000,2020-02-28 16:49:42,Slovakia,desktop,Opera 66.0.3515,Windows 10,1,
425,00000000,2020-02-28 17:26:56,Slovakia,tablet,Chrome 80.0.3987,Android 6.0,1,
426,00000000,2020-02-28 18:36:15,Slovakia,desktop,Chrome 80.0.3987,Windows 10,1,zrozumiteľnosť celého procesu.
427,00000000,2020-02-28 18:40:50,Slovakia,desktop,Chrome 79.0.3945,Windows 10,5,
428,00000000,2020-02-28 19:34:26,Slovakia,phone,Samsung Internet 10.2,Android,1,
429,00000000,2020-02-28 19:37:54,Slovakia,phone,Chrome Mobile 80.0.3987,Android 8.0.0,1,Transparentne
430,00000000,2020-02-28 19:39:39,Slovakia,desktop,Chrome 79.0.3945,Windows 10,1,"Jednoduche, dalo sa to zvladnut."
431,00000000,2020-02-28 19:47:37,Slovakia,desktop,Firefox 72.0,Windows 10,2,
432,00000000,2020-02-29 07:17:52,Slovakia,desktop,Chrome 80.0.3987,Windows 7,1,
433,00000000,2020-02-29 07:23:51,Slovakia,phone,Chrome Mobile 50.0.2661,Android 6.0,5,
434,00000000,2020-02-29 08:09:40,Slovakia,desktop,Chrome 80.0.3987,Windows 10,2,"súšala som to cez android, ale nepodarilo sa mi ro"
435,00000000,2020-02-29 09:25:36,Slovakia,desktop,Chrome 80.0.3987,Windows 7,1,
436,00000000,2020-02-29 09:50:15,Slovakia,desktop,Chrome 80.0.3987,Windows 10,2,
437,00000000,2020-02-29 11:46:32,Slovakia,desktop,Chrome 80.0.3987,Windows 10,1,lebo to bolo jednoduché
438,00000000,2020-02-29 12:00:21,Slovakia,phone,Chrome Mobile 80.0.3987,Android,5,Ste dobré
439,00000000,2020-02-29 13:07:59,Slovakia,desktop,Chrome 80.0.3987,Windows 10,1,ta tak
440,00000000,2020-02-29 13:09:11,Slovakia,desktop,Chrome 80.0.3987,Windows 7,5,
441,00000000,2020-02-29 13:14:45,Slovakia,desktop,Chrome 80.0.3987,Windows 7,1,
442,00000000,2020-02-29 13:38:40,Slovakia,phone,Chrome Mobile 80.0.3987,Android 7.0,1,Leno vsetko bolo strucne a zrozumitelne 
443,00000000,2020-02-29 15:12:07,Slovakia,phone,Chrome Mobile 80.0.3987,Android,5,
444,00000000,2020-02-29 15:42:53,Slovakia,phone,Chrome Mobile 80.0.3987,Android,1,Preto ze je všetko ros písané 
445,00000000,2020-02-29 15:49:46,Slovakia,desktop,Chrome 80.0.3987,Windows 10,1,pokyny jasné a prehľadné
446,00000000,2020-02-29 16:13:10,Slovakia,phone,Chrome Mobile 69.0.3497,Android 8.0.0,1,
447,00000000,2020-02-29 16:59:21,Slovakia,phone,Chrome Mobile 80.0.3987,Android 4.4.4,1,Jasne a presne.
448,00000000,2020-02-29 17:36:07,Slovakia,phone,Chrome Mobile 80.0.3987,Android 8.1.0,1,Nič
449,00000000,2020-02-29 17:43:13,Slovakia,desktop,Edge 18.18362,Windows 10,2,
450,00000000,2020-02-29 17:54:03,Slovakia,desktop,Chrome 80.0.3987,Windows 10,2,
451,00000000,2020-02-29 18:00:28,Slovakia,phone,Chrome Mobile 80.0.3987,Android 6.0,1,Mám málo času
452,00000000,2020-02-29 18:53:19,Slovakia,desktop,Firefox 73.0,Windows 10,1,jednoduche zrozumitelne preklikanie celou objednavkou
453,00000000,2020-02-29 19:31:06,Slovakia,phone,Chrome Mobile 80.0.3987,Android,1,
454,00000000,2020-02-29 20:58:58,Slovakia,phone,Samsung Internet 4.0,Android 6.0.1,1,
455,00000000,2020-02-29 21:07:19,Slovakia,tablet,Chrome 51.0.2704,Android 4.4.2,5,
456,00000000,2020-02-29 21:34:50,Slovakia,phone,Chrome Mobile 78.0.3904,Android 5.1.1,3,
457,00000000,2020-02-29 21:44:53,Slovakia,desktop,Chrome 80.0.3987,Windows 7,1, 
458,00000000,2020-02-29 22:43:36,Slovakia,desktop,Firefox 73.0,Windows 10,1,
459,00000000,2020-03-01 05:43:27,Slovakia,desktop,Firefox 73.0,Windows 7,5,
460,00000000,2020-03-01 07:44:47,Slovakia,desktop,Chrome 80.0.3987,Windows 10,3,"Som dôchodca bez väčších znalostí s internetom, vždy sa zľaknem či som stlačil a potvrdil všetko správne ako som potreboval"
461,00000000,2020-03-01 08:24:22,Slovakia,phone,Chrome Mobile 79.0.3945,Android 4.4.2,1,
462,00000000,2020-03-01 08:42:35,Slovakia,desktop,Chrome 80.0.3987,Windows 8,1,prehľadnosť
463,00000000,2020-03-01 09:08:02,Slovakia,desktop,Chrome 80.0.3987,Windows 10,3,
464,00000000,2020-03-01 09:39:30,Slovakia,desktop,Opera 66.0.3515,Windows 10,1,
465,00000000,2020-03-01 10:03:35,Slovakia,phone,Chrome Mobile 80.0.3987,Android 4.4.2,1,
466,00000000,2020-03-01 11:06:05,Slovakia,desktop,Safari 13.0.5,Mac OS X 10.15.3,1,
467,00000000,2020-03-01 12:17:26,Slovakia,desktop,Chrome 80.0.3987,Windows 8.1,1,Bežne nakupujem cez internet
468,00000000,2020-03-01 12:28:25,Slovakia,desktop,Chrome 80.0.3987,Windows 10,4, treba zjednodušiť orientáciu 
469,00000000,2020-03-01 12:34:12,Slovakia,desktop,Chrome 80.0.3987,Windows 10,5,
470,00000000,2020-03-01 13:44:32,Czechia,desktop,Chrome 79.0.3945,Windows 7,2,
471,00000000,2020-03-01 13:58:51,Slovakia,desktop,Chrome 80.0.3987,Windows 7,2,viac vyod pre stakych zakaznikov
472,00000000,2020-03-01 14:00:58,Finland,desktop,Chrome 80.0.3987,Windows 10,1,
473,00000000,2020-03-01 14:09:19,Slovakia,desktop,Chrome 79.0.3945,Windows 10,3,
474,00000000,2020-03-01 14:10:01,Slovakia,phone,Samsung Internet 11.1,Android 7.0,2,Stranka je prehladna a jej obsah zrozumitelny.
475,00000000,2020-03-01 15:17:22,Slovakia,desktop,Chrome 80.0.3987,Windows 7,5,
476,00000000,2020-03-01 15:41:54,Slovakia,desktop,Chrome 80.0.3987,Windows 10,1,
477,00000000,2020-03-01 16:48:39,Slovakia,phone,Facebook 259.0.0,Android,5,Spokojenost 
478,00000000,2020-03-01 17:26:19,Slovakia,phone,Mobile Safari 13.0.5,iOS 13.3.1,1,Uplne jednoduche
479,00000000,2020-03-01 17:31:24,Slovakia,desktop,Chrome 80.0.3987,Windows 7,1,-
480,00000000,2020-03-01 17:38:55,Slovakia,phone,Facebook 259.0.0,Android,1,
481,00000000,2020-03-01 18:03:44,Slovakia,phone,Chrome Mobile 71.0.3578,Android,1,.
482,00000000,2020-03-01 22:58:13,Slovakia,phone,Chrome Mobile 80.0.3987,Android,3,
483,00000000,2020-03-02 07:28:23,Slovakia,desktop,Edge 16.16299,Windows 10,1,
484,00000000,2020-03-02 08:47:51,Slovakia,desktop,Chrome 80.0.3987,Windows 10,1,všetko ok
485,00000000,2020-03-02 08:58:17,Slovakia,desktop,Chrome 80.0.3987,Windows 10,1,
486,00000000,2020-03-02 09:21:40,Slovakia,desktop,Chrome 80.0.3987,Windows 10,1,Je to zrozumitelné.
487,00000000,2020-03-02 10:13:54,Slovakia,phone,Chrome Mobile 71.0.3578,Android,2,
488,00000000,2020-03-02 11:17:55,Slovakia,tablet,Chrome 80.0.3987,Android 7.0,4,
489,00000000,2020-03-02 12:11:45,Slovakia,phone,Chrome Mobile 80.0.3987,Android 8.1.0,1,Neviem
490,00000000,2020-03-02 12:13:24,Slovakia,desktop,Chrome 80.0.3987,Windows 10,1,
491,00000000,2020-03-02 13:35:06,Slovakia,tablet,Chrome 59.0.3071,Android 4.3,1,
492,00000000,2020-03-02 14:09:35,Slovakia,desktop,Chrome 80.0.3987,Windows 10,4,chcela som sa niečo opýtať pri vyplňani objednávky a on-line komunikácia mi naskočila neskôr
493,00000000,2020-03-02 14:13:04,,desktop,IE 11.0,Windows 10,2,
494,00000000,2020-03-02 14:18:54,Slovakia,desktop,Chrome 80.0.3987,Windows 10,2,
495,00000000,2020-03-02 14:28:53,Slovakia,desktop,Chrome 80.0.3987,Windows 10,2,mala možnosť kombinácie a množstva dát za veľmi vysokú cenu. Vôbec nezohľadnená dlžka využívania služby - nezohľadnená vernosť klienta absolútne chýba odmena za vernosť
496,00000000,2020-03-02 14:39:53,Slovakia,phone,Chrome Mobile 80.0.3987,Android 5.0,5,Dakujem
497,00000000,2020-03-02 15:02:00,Slovakia,desktop,Chrome 80.0.3987,Windows 10,5,
498,00000000,2020-03-02 15:33:41,Slovakia,phone,Mobile Safari 13.0.5,iOS 13.3.1,2,
499,00000000,2020-03-02 17:45:57,Slovakia,phone,Chrome Mobile 80.0.3987,Android,1,Rychle vybavenie
500,00000000,2020-03-02 18:12:58,Slovakia,desktop,Chrome 80.0.3987,Windows 10,4,
501,00000000,2020-03-02 18:26:39,Slovakia,phone,Chrome Mobile 80.0.3987,Android,3,"Objednávanie sa dosť skomplikovalo, odvtedy čo som naposledy objednával. Je to menej prehľadne. 8 min. som hľadal kôš,a ako zmeniť paušál. Keď sa človek dostane do obchodu, tak je to už ok. A samozrejme som hľadal už na začiatku objednávky, že telefón nechcem na splátky."
502,00000000,2020-03-02 18:46:18,Slovakia,desktop,Firefox 73.0,Windows 10,1,
503,00000000,2020-03-02 19:50:30,Slovakia,desktop,Chrome 80.0.3987,Windows 10,1,
504,00000000,2020-03-02 20:02:26,Slovakia,desktop,Chrome 80.0.3987,Windows 7,1,
505,00000000,2020-03-02 20:28:29,Slovakia,phone,Mobile Safari 13.0.5,iOS 13.3.1,1,
506,00000000,2020-03-02 20:42:21,Slovakia,desktop,Edge 18.18362,Windows 10,3,
507,00000000,2020-03-02 21:52:11,Slovakia,phone,Chrome Mobile 73.0.3683,Android 6.0,1,
508,00000000,2020-03-02 22:21:28,Slovakia,desktop,Chrome 80.0.3987,Windows 10,2,
509,00000000,2020-03-03 06:01:56,Slovakia,desktop,Edge 18.18362,Windows 10,5,.
510,00000000,2020-03-03 08:03:59,Slovakia,desktop,Chrome 80.0.3987,Windows 7,1,jednoducha navigacia
511,00000000,2020-03-03 08:23:49,Slovakia,phone,Chrome Mobile 79.0.3945,Android 5.1,5,
512,00000000,2020-03-03 09:16:09,Slovakia,desktop,Chrome 79.0.3945,Windows 8.1,1,
513,00000000,2020-03-03 09:25:11,Slovakia,desktop,Chrome 79.0.3945,Windows 10,1,Nemam problem s nakupovanim cen internet
514,00000000,2020-03-03 09:26:02,Slovakia,desktop,Edge 18.17763,Windows 10,1,
515,00000000,2020-03-03 09:30:02,Slovakia,phone,Chrome Mobile 80.0.3987,Android,1,
516,00000000,2020-03-03 10:00:26,Slovakia,desktop,Chrome 80.0.3987,Windows 10,1,
517,00000000,2020-03-03 10:37:10,Slovakia,desktop,Chrome 80.0.3987,Windows 10,1,
518,00000000,2020-03-03 10:44:28,Slovakia,desktop,Chrome 80.0.3987,Windows 8.1,4,
519,00000000,2020-03-03 10:46:22,Slovakia,phone,Chrome Mobile 79.0.3945,Android 7.0,4,
520,00000000,2020-03-03 11:22:20,Slovakia,phone,Chrome Mobile 80.0.3987,Android 7.0,5,Ok
521,00000000,2020-03-03 12:11:38,Slovakia,phone,Chrome Mobile 58.0.3029,Android 7.0,1,Bol to zazitok 😁
522,00000000,2020-03-03 12:49:18,Slovakia,phone,Chrome Mobile 80.0.3987,Android 8.0.0,5,Super
523,00000000,2020-03-03 13:04:01,Slovakia,desktop,Chrome 80.0.3987,Windows 10,1,Všetko zrozumiteľné ok
524,00000000,2020-03-03 13:19:28,Slovakia,phone,Chrome Mobile 71.0.3578,Android,5,
525,00000000,2020-03-03 13:35:54,Germany,desktop,Chrome 80.0.3987,Windows 10,1,
526,00000000,2020-03-03 13:47:36,Slovakia,desktop,Chrome 80.0.3987,Windows 10,1,Spokojnosť 100%
527,00000000,2020-03-03 14:04:10,Slovakia,desktop,Chrome 80.0.3987,Windows 7,2,
528,00000000,2020-03-03 14:17:10,Slovakia,desktop,Firefox 68.0,Windows 10,5,ok
529,00000000,2020-03-03 14:29:47,Slovakia,desktop,Opera 66.0.3515,Windows 10,1,"Prehľadné, dá si jednoducho meniť kombinácie program-zariadenie a hneď vidím výpočet mesačného poplatku"
530,00000000,2020-03-03 14:41:21,Slovakia,desktop,Chrome 80.0.3987,Windows 10,1,
531,00000000,2020-03-03 15:11:11,Slovakia,phone,Chrome Mobile 71.0.3578,Android,1,
532,00000000,2020-03-03 16:05:24,Germany,phone,Samsung Internet 11.1,Android,2,
533,00000000,2020-03-03 17:55:01,Slovakia,phone,Chrome Mobile 80.0.3987,Android 7.0,1,Užívateľský príjemné prostredie
534,00000000,2020-03-03 18:11:35,Slovakia,desktop,Chrome 80.0.3987,Windows 8,5,
535,00000000,2020-03-03 18:19:13,Slovakia,desktop,Chrome 80.0.3987,Windows 10,2,
536,00000000,2020-03-03 18:39:23,Slovakia,desktop,Firefox 73.0,Windows 8,3,
537,00000000,2020-03-03 18:52:34,Slovakia,desktop,Chrome 75.0.3770,Windows 7,1,
538,00000000,2020-03-03 19:06:59,Slovakia,desktop,Chromium 80.0.3987,Ubuntu,1,"jednoduche, rychle, prehladne a intuitivne"
539,00000000,2020-03-03 19:17:08,Slovakia,desktop,Firefox 73.0,Windows 8,1,
540,00000000,2020-03-03 19:48:07,Slovakia,desktop,Chrome 80.0.3987,Windows 10,2,vyuzivala som specialnu akciu a informacie o nej neboli uplne dostatocne pocas jednotlivych krokov v objednavke
541,00000000,2020-03-03 20:10:12,Slovakia,phone,Chrome Mobile 80.0.3987,Android,2,Pretoze treba cakat aj 3dni na schvalenie
